from,to,freespeed,length,capacity,number_of_lanes
1,2,8.333333333333334,1000,500,1
2,3,8.333333333333334,1000,500,1
3,4,8.333333333333334,1000,500,1
4,5,8.333333333333334,1000,500,1
5,6,8.333333333333334,1000,500,1
6,7,8.333333333333334,1000,500,1
7,8,8.333333333333334,1000,500,1
8,9,8.333333333333334,1000,500,1
9,10,8.333333333333334,1000,500,1
10,11,8.333333333333334,1000,500,1
11,1,8.333333333333334,10000,500,1
